<Root Name="Actor" Visible="true" ObType="4">
    <Mesh File="6.UI.mesh"/>
    <Shader File="6.Cube.hlsl"/>
    <Material File="inven.mtl"/>
    <Transform>
        <Position X="0.26899999" Y="0.040364534" Z="0"/>
        <Scale X="0.5" Y="0.96420002" Z="1"/>
        <Rotation X="0" Y="0" Z="0"/>
    </Transform>
    <Children Size="6"/>
    <Child0 Name="00" Visible="true" ObType="4">
        <Mesh File="6.UI.mesh"/>
        <Shader File="6.Cube.hlsl"/>
        <Material File="0.mtl"/>
        <Transform>
            <Position X="-0.34999999" Y="0.30387887" Z="0"/>
            <Scale X="0.15000001" Y="0.1" Z="1"/>
            <Rotation X="0" Y="0" Z="0"/>
        </Transform>
        <Children Size="0"/>
    </Child0>
    <Child1 Name="01" Visible="true" ObType="4">
        <Mesh File="6.UI.mesh"/>
        <Shader File="6.Cube.hlsl"/>
        <Material File="1.mtl"/>
        <Transform>
            <Position X="-0.132" Y="0.30387887" Z="0"/>
            <Scale X="0.15000001" Y="0.1" Z="1"/>
            <Rotation X="0" Y="0" Z="0"/>
        </Transform>
        <Children Size="0"/>
    </Child1>
    <Child2 Name="10" Visible="true" ObType="4">
        <Mesh File="6.UI.mesh"/>
        <Shader File="6.Cube.hlsl"/>
        <Material File="2.mtl"/>
        <Transform>
            <Position X="-0.34999999" Y="0.20016594" Z="0"/>
            <Scale X="0.15000001" Y="0.1" Z="1"/>
            <Rotation X="0" Y="0" Z="0"/>
        </Transform>
        <Children Size="0"/>
    </Child2>
    <Child3 Name="11" Visible="true" ObType="4">
        <Mesh File="6.UI.mesh"/>
        <Shader File="6.Cube.hlsl"/>
        <Material File="3.mtl"/>
        <Transform>
            <Position X="-0.132" Y="0.20016594" Z="0"/>
            <Scale X="0.15000001" Y="0.1" Z="1"/>
            <Rotation X="0" Y="0" Z="0"/>
        </Transform>
        <Children Size="0"/>
    </Child3>
    <Child4 Name="exit" Visible="true" ObType="4">
        <Mesh File="6.UI.mesh"/>
        <Shader File="6.Cube.hlsl"/>
        <Material File="x.mtl"/>
        <Transform>
            <Position X="0.40000001" Y="0.4148517" Z="0"/>
            <Scale X="0.15000001" Y="0.1" Z="1"/>
            <Rotation X="0" Y="0" Z="0"/>
        </Transform>
        <Children Size="0"/>
    </Child4>
    <Child5 Name="meso" Visible="false" ObType="4">
        <Mesh File="6.UI.mesh"/>
        <Shader File="6.Cube.hlsl"/>
        <Material File="0.mtl"/>
        <Transform>
            <Position X="0.30000001" Y="-0.38373783" Z="0"/>
            <Scale X="0.30000001" Y="0.050000001" Z="1"/>
            <Rotation X="0" Y="0" Z="0"/>
        </Transform>
        <Children Size="0"/>
    </Child5>
</Root>
