<Root Name="Terrain" Visible="false" ObType="3">
    <Mesh File="3.Terrain.mesh"/>
    <Shader File="5.Cube.hlsl"/>
    <Material File="terrain.mtl"/>
    <Transform>
        <Position X="0" Y="0" Z="0"/>
        <Scale X="5" Y="1" Z="5"/>
        <Rotation X="0" Y="0" Z="0"/>
    </Transform>
    <Children Size="1"/>
    <Child0 Name="So" Visible="true" ObType="0">
        <Collider ColliderType="1" Visible="true">
            <Position X="0" Y="1.4703999" Z="0"/>
            <Scale X="11" Y="11.8" Z="4.6500001"/>
            <Rotation X="0" Y="0" Z="0"/>
        </Collider>
        <Transform>
            <Position X="0" Y="125.9" Z="0"/>
            <Scale X="1" Y="5" Z="1"/>
            <Rotation X="0" Y="0" Z="0"/>
        </Transform>
        <Children Size="0"/>
    </Child0>
</Root>
